user,location,tweet,Date,Tweet Coordinates
readbookNG,Nigeria,"@AbdulMahmud01 In case you‚Äôre wondering:
Peered: 
1. to look narrowly or searchingly, as in the effort to discern c‚Ä¶ https://t.co/WyX6xqc4PW",2020-11-18 20:43:17,
inallairness,"Coffs Harbour, NSW - Australia",@retro_70s @NBA90s My reply was just a play-on-words. We can‚Äôt rely on the first result of a Google search. @NBA90s blocked me. ü§∑‚Äç‚ôÇÔ∏è,2020-11-18 20:39:15,
phefophefo,Utopia,@Lucky2plus3 Your story is just...üíì...Let me follow you whilst I search for fitting words!,2020-11-18 20:34:17,
MechanikaGuard,¬Ø\_(„ÉÑ)_/¬Ø,"@nhilistcunt @SourceLocator Looking on there, it seems like they did, but I'm seeing loli and shota mixed with othe‚Ä¶ https://t.co/r8XXiRZYu8",2020-11-18 20:28:59,
BorneanGibbons,Borneo,"In #language, longer words have shorter syllables and longer sentences have shorter clauses; this consistent with M‚Ä¶ https://t.co/i0UtIHYtH5",2020-11-18 20:27:01,
VarkGripper,"Hutton, Essex UK","@Hermesparcels 
Had my delivery from Next that was dropped on the side gate which was a bottle of perfume! No card‚Ä¶ https://t.co/ea8LpTgWuM",2020-11-18 20:26:23,
PretentiousPDX,"Portland, Oregon","Hey everyone! made a fun lil word search for ya'll! 

The  first 3 words you see are what you can expect 2021 will‚Ä¶ https://t.co/lF7LLpXeJM",2020-11-18 20:01:32,
wordrefiner,"Oregon, USA",#RIP_Grizz Grizz is exhausted from the search and wants a #FullThrottle! He found the blog 10 4-letter words that e‚Ä¶ https://t.co/OpQ3jF9REM,2020-11-18 20:01:24,
KenZwerdling,"South Carolina, USA",Are You Using the Best Descriptive Adjectives &amp; Action Words on Your Resume &amp;  LinkedIn Profile?  Register For Our‚Ä¶ https://t.co/WaSKi6fatL,2020-11-18 20:00:52,
ForeignTechJobs,"South Carolina, USA",Are You Using the Best Descriptive Adjectives &amp; Action Words on Your Resume &amp;  LinkedIn Profile?  Register For Our‚Ä¶ https://t.co/XzpxCdvdyU,2020-11-18 20:00:51,
FStaffing,"Greenville, SC",Are You Using the Best Descriptive Adjectives &amp; Action Words on Your Resume &amp;  LinkedIn Profile?  Register For Our‚Ä¶ https://t.co/Pzd44ut133,2020-11-18 20:00:51,
loombyloom,Hell,@manzanitaposts Honestly I started doing the same after I burned through the really really good fics and I didn‚Äôt w‚Ä¶ https://t.co/cTDJ0pEhCX,2020-11-18 19:58:54,
jnktrI,jensoo‚Äôs lap   she/her,@jnksfiIm search my @ with the words ‚ÄúWHO UP‚Äù ü§£ü§£ü§£ get that blessing,2020-11-18 19:55:56,
benruppel,,"@thelindsayellis Hey, people are using your words with moviebob to do disgusting hit pieces. You're not responsible‚Ä¶ https://t.co/cc6FBUmW5r",2020-11-18 19:54:46,
illegible_words,,"@istrangefellows Lmao I don't remember that movie, but might do an image search!

It's funny bc I'm not particularl‚Ä¶ https://t.co/3WAbnlUUs4",2020-11-18 19:50:01,
L3V1ACH4N,,@CrystalStarlig8 *he smiles to himself and search for the proper words* y-yeah... I was... Actually thinking about‚Ä¶ https://t.co/O12sXMMXX6,2020-11-18 19:49:55,
Ovo_1030,"Charlotte, NC",@Nnayonce Lol just type ya name in the search bar and I‚Äôm just trying in different words,2020-11-18 19:47:36,
ddobiasek,"Melbourne, Victoria",Time Traveler by @MerriamWebster: Search for words by the year they were first used. https://t.co/n5KIYB0TNd,2020-11-18 19:46:43,
BigKuw0p,Everywhere,Man sometimes I try and search my name with problematic words to stroll down memory lane https://t.co/35vrD4a9l9,2020-11-18 19:31:26,
Soniauzcat,,@ehmahlae ¬°Well!. I understand that this requirement is not possible for me. I continue looking for job writing in‚Ä¶ https://t.co/aZ86nRlpfC,2020-11-18 19:26:27,
katybeale,"Hackney, London",I'm replicating the instore @TKMaxx_UK shopping experience by typing in random words to the search bar on their website to see what comes up,2020-11-18 19:25:35,
Aruchama,,shakes i7 why did you have to use normal words in other languages as names it makes it practically impossible to se‚Ä¶ https://t.co/2R3RPpvAdw,2020-11-18 19:25:32,
LaughSunshine,"Boston, MA",@SaffiEriksdottr @TheRaDR I have the same issue. You can copy and paste the boxes into your google search and the w‚Ä¶ https://t.co/1i4yHKzSag,2020-11-18 19:18:07,
davodn,"Oklahoma City, OK",@ndhapple @JimmyVielkind What words do I need to search on YouTube to see this?,2020-11-18 19:06:48,
harliew,"SF Bay Area, California",@davge70 @NYT_said_where @NYT_first_said There‚Äôs a flaw in their new-word search ‚Äî it‚Äôs not reading carriage return‚Ä¶ https://t.co/a4JnkOrFMU,2020-11-18 19:06:37,
buddha_math,,"Look past words.

Words are not answers, they are guides. Let words inspire you to search for understanding directl‚Ä¶ https://t.co/hChnB8Bt2h",2020-11-18 19:03:17,
wordrefiner,"Oregon, USA",#RIP_Grizz Grizz is feeling haggard after the lengthy search and wants some #5HourEnergy! He found the blog 12 4-le‚Ä¶ https://t.co/g1AoyM9C1d,2020-11-18 18:56:21,
hickoryhill8520,"Texas, USA","The words of a gossiper are like dainty morsels, And they go down into the innermost parts of the body. He also who‚Ä¶ https://t.co/J7O5GXQz8t",2020-11-18 18:54:15,
hickoryhill8520,"Texas, USA","A fool‚Äôs mouth is his ruin, And his lips are the snare of his soul. The words of a gossiper are like dainty morsels‚Ä¶ https://t.co/HcCjyxG1Jd",2020-11-18 18:54:09,
faeriecardan,18 | she/her,no but do men just search words up so they can reply to tweets or https://t.co/plWIAs5zOw,2020-11-18 18:53:49,
hickoryhill8520,"Texas, USA",The words of a person‚Äôs mouth are deep waters; The fountain of wisdom is a bubbling brook. To show partiality to th‚Ä¶ https://t.co/IwJloCsvl4,2020-11-18 18:52:30,
hickoryhill8520,"Texas, USA","When a wicked person comes, contempt also comes, And with dishonor comes taunting. The words of a person‚Äôs mouth ar‚Ä¶ https://t.co/vsNyIQqrC2",2020-11-18 18:52:25,
OGBigMomma,"Southside, Chicago",@lulpapa I‚Äôm tryna figure now.. I think ima search my shit for them certain words that get mfs cooked on here. I hi‚Ä¶ https://t.co/78MqiwVmET,2020-11-18 18:47:48,
Milisauthando,Where my heart and mind meet!,"@notmumsy ü§£ü§£I'd break it down, but you have easy search words",2020-11-18 18:44:22,
hickoryhill8520,"Texas, USA","The words of a gossiper are like dainty morsels, And they go down into the innermost parts of the body.
Proverbs 18‚Ä¶ https://t.co/Ipuzv55DKs",2020-11-18 18:44:11,
Twesigye_Boaz7,"Karukaata, Nyarushanje",@TheDecemberQue1 Keep words in that exact tweet that you want- it's what you search for,2020-11-18 18:42:59,
hickoryhill8520,"Texas, USA","The words of a person‚Äôs mouth are deep waters; The fountain of wisdom is a bubbling brook.
Proverbs 18:4 - https://t.co/pqNeGLnu2a",2020-11-18 18:42:26,
theeLFCmami,Anfield,@TheDecemberQue1 Type key words in the search bar,2020-11-18 18:40:18,
Virginia_Brasch,Philly Area,@carlybloombooks Ha. Thank you. I'm heading off soon to go edit. Someone told me recently to go back through and se‚Ä¶ https://t.co/QcKz6MAl16,2020-11-18 18:37:15,
AmazonHelp,,@theinfoxicated We're terribly sorry for the poor experience. You can search for items by entering a few words into‚Ä¶ https://t.co/xQY6pVL2iy,2020-11-18 18:35:28,
TCCWestCampus,7505 West 41st Street in Tulsa,"#MickeyMouse first appeared publicly in the short film ‚ÄúSteamboat Willy‚Äù on November 18, 1928, the day fans officia‚Ä¶ https://t.co/uspRZ5016F",2020-11-18 18:31:39,
saimaziya_,INDIA,@Nakkopucho More than that i am way too lazy to search those words...isse achha main koi stupid mistake yaad karke dil jala lunüòÄ,2020-11-18 18:28:10,
GauriAwasthi5,"New Delhi, India",@Siddhantguru Search by the words in the search bar. Dont go scrolling down lol,2020-11-18 18:27:13,
PatronusCODE,Finzardry ‚Ä¢ BLM‚úäüèæ ‚Ä¢ The Bagüí∞,@Latesha_Byrd @AnnaJMcDougall Here‚Äôs a better suggestion: Create a tweet with the elevator pitch video and have the‚Ä¶ https://t.co/DnhKLfC1eT,2020-11-18 18:25:28,
ashukicapoor,India,@AMckicat Search Google with the key words they never disappoint.,2020-11-18 18:23:28,
LillianMcD,"Florida, USA","Freedom from fear is true liberation. What brilliant words from our past guest, Dr. Melissa Sell. Have you watched‚Ä¶ https://t.co/2vIZdFkOjb",2020-11-18 18:20:03,
M__Syed,.......,@Nakkopucho It took 10 min to search all words üòÖ... Oh god loved  meaning of each word.. best monachopsis ( hopeful‚Ä¶ https://t.co/hGGSEMw6aU,2020-11-18 18:16:33,
CBCNigeria,"Idimu, Lagos, Nigeria","Deuteronomy 6:6-9 KJV‚ÄîAnd these words, which I command thee this day, shall be in thine heart:‚Ä¶‚Ä¶ https://t.co/93MDQu7QQ8",2020-11-18 18:11:09,
jringer604,"vancouver, bc","#Keywords refers to the search words and phrases that are ‚Äúkey‚Äù (most important) to your business. 

These are esse‚Ä¶ https://t.co/xmSGw5Q54k",2020-11-18 18:10:05,
hywelandjamie,,@micksev We have continued podcasting search for the box set pod! And thank you kind words,2020-11-18 18:09:29,
spearbpopp,btskzitzy,I FOUND IT fuck twt search why couldn't i find it i used the right wordsüò©,2020-11-18 18:04:45,
simplycharly,"New York, NY",Did you know Marcel Proust wrote the longest novel ever published? ‚ÄúIn Search of Lost Time‚Äù comes in at a whopping‚Ä¶ https://t.co/mqRREHFS5Y,2020-11-18 18:03:08,
LilacMirr0r,girl love zone ,"@bronysnape sounds like imposter syndrome!! you got lots of experience, put it all out there... try to look at your‚Ä¶ https://t.co/0yDGjUx0hs",2020-11-18 18:03:03,
jackhough,New York,@KristinaParts I really should search made-up words on Urban Dictionary before publishing. Otherwise it could turn into a clopperfork.,2020-11-18 18:02:18,
eggxisting,read my carrd √ó EN.‰∏≠.Ìïú(Í≥µÎ∂ÄÏ§ë),@madderpath KSBSJSBAJA SEARCH UR @ AND THE WORDS HERE,2020-11-18 18:01:31,
Albert_Dugba,"Greater Accra, Ghana","Could you imagine a Apple search engine?
What a joke.
It will look fancy, and will be great for ""googling"" single w‚Ä¶ https://t.co/EnVZPEjE90",2020-11-18 17:57:14,
DRAGONMOTHER888,"Texas, USA","So once you understand how that works, you can literally go to this database and type in any phrase or words U want‚Ä¶ https://t.co/LEBg9MTnCm",2020-11-18 17:54:00,
JoeJuneau2,"Alaska, USA","@OScottHartman No, Dear, as a newspaperwoman, I would expect you'd take the time to type a few words into a search‚Ä¶ https://t.co/yfvLOLn7yg",2020-11-18 17:53:02,
LeelHaveMercy,"Mobile, AL",@JussEbbs Search your username and key words from the tweet,2020-11-18 17:49:51,
crialexise,"Waco, TX",@weirdobutrealdo I would try to search your @ with random words/topics lol.. lmk how the timehop app works though!,2020-11-18 17:48:11,
getsmashedradio,"Seattle, Washington",The EDGE Now: 3 small words by MisterWives on @getsmashedradio #getsmashedradio #marysville #theedge‚Ä¶ https://t.co/lwu6WxNxcQ,2020-11-18 17:45:21,
BBFarhadi,"Toronto, Ontario","@WTH_BC @LevisBecker I'm not angry, I'm underwhelmed. Referring to me as Dr. is intended to what? Diminish me? Weal‚Ä¶ https://t.co/D2NEN7TwPj",2020-11-18 17:44:40,
bill_slawski,"San Diego, CA",A4 I sell the value of organic search by explaining how it hinges on understanding the audience that is your custom‚Ä¶ https://t.co/1KpGrAqAPp,2020-11-18 17:35:18,
BowhouseP4_3,,We LOVE a word search in P4/3. We were looking for our spelling words today üîç https://t.co/Etj9qTOjPI,2020-11-18 17:34:08,
grandparentsnz,,Word Search: Thursday. Emotions with¬†words https://t.co/vE26OLuoTv,2020-11-18 17:31:32,
F1tzy79,Scotland,"@imac465 @weegiewitch13 Jog on, it's written down so stop your pish, would have took you less time to type three wo‚Ä¶ https://t.co/HaEcEYJ5lt",2020-11-18 17:28:10,
hickoryhill8520,"Texas, USA","And when he comes to see me, he speaks empty words; His heart gathers wickedness to itself; When he goes outside, h‚Ä¶ https://t.co/g6G5RCy13s",2020-11-18 17:28:09,
hickoryhill8520,"Texas, USA","And when he comes to see me, he speaks empty words; His heart gathers wickedness to itself; When he goes outside, h‚Ä¶ https://t.co/8bavYusYYV",2020-11-18 17:21:52,
hickoryhill8520,"Texas, USA","My enemies speak evil against me, ‚ÄúWhen will he die, and his name perish?‚Äù And when he comes to see me, he speaks e‚Ä¶ https://t.co/uxVv7w3iHh",2020-11-18 17:21:46,
FighterFPS,,@skyrsoul @sad_papa You wrote ‚Äúevery tweet‚Äú. Its not. But why did you search those words?,2020-11-18 17:20:04,
SgcontentA,Valencia,"How long should a blog post be?
The answer is, it all depends. What do search engines look for? How much do you hav‚Ä¶ https://t.co/wsY9sXS3FV",2020-11-18 17:15:04,
koshersemite,jewish diaspora,@Jef_The_Leftist @shafieikeyvan do you know how to search for someone‚Äôs tweets that include specific words?,2020-11-18 17:13:47,
Tech4Learning,"San Diego, Ca",Here's a fun and simple idea for a bell-ringer! Ask students to make two- to five-letter words using the letters fr‚Ä¶ https://t.co/zGtgkmwEve,2020-11-18 17:09:00,
readbookNG,Nigeria,"In case you‚Äôre wondering:
Regimented: 
1. to manage or treat in a rigid, uniform manner; subject to strict discipli‚Ä¶ https://t.co/1TSsFjybFk",2020-11-18 17:02:01,
woliviawhitney,,@Zerofvcks_ i‚Äôm too lazy for all that.. you gotta put key words in the search bar instead lol,2020-11-18 17:01:30,
wordrefiner,"Oregon, USA","#RIP_Grizz After the long search, Grizz is dogaleptic, he found the blog!  https://t.co/M4xPast1mJ just wants his r‚Ä¶ https://t.co/GS6A3E1bKL",2020-11-18 16:55:52,
blossomayj,she/her,"Stolen

CLICK ON THESE SEARCHES AND SCROLL FOR AT LEAST 30 SECONDS TO CLEAR THE SEARCHES! spamming the words wont h‚Ä¶ https://t.co/DFKffl1Sw5",2020-11-18 16:53:33,
Nina_Nouwens,"London, Ontario",@AWriterlyPair @joyful_kay @MadelynKnecht @emilykatereads @PavlovsDogParty Oops I didn‚Äôt explain it well! üòÇ you‚Äôre‚Ä¶ https://t.co/ffTy8CROJj,2020-11-18 16:46:41,
yoavgo,Israel,"most common bigrams in the data. (boolean-search for ""a|the"", and then choosing ""words-&gt;bigrams"" on the side pane): https://t.co/CXCphZOXkz",2020-11-18 16:42:15,
eviIhug,kalye,tbf i also struggled with gun dealer‚Äôs daughter not because it was abt violence but because it‚Äôs peppered with word‚Ä¶ https://t.co/kO8B2Nn5Ee,2020-11-18 16:36:41,
readbookNG,Nigeria,"@segalink In case you're wondering:
Reprobates: 
1. morally depraved; unprincipled; bad, or wicked person: a drunke‚Ä¶ https://t.co/4Qw0NIRhjm",2020-11-18 16:34:59,
readbookNG,Nigeria,"@segalink In case you‚Äôre wondering:
Maladjusted: badly or unsatisfactorily adjusted,  especially in relationship to‚Ä¶ https://t.co/Tw5en87oLV",2020-11-18 16:32:21,
mdodana_amanda,"Middelburg, South Africa",@nqabsss Search for the words and your handle under search. You'll find it and pin it again,2020-11-18 16:32:19,
wizonereport,,CLICK ON THESE SEARCHES AND SCROLL FOR AT LEAST 30 SECONDS TO CLEAR THE SEARCHES! spamming the words wont help :(‚Ä¶ https://t.co/W4MfuiU8AJ,2020-11-18 16:31:46,
vvkhas,15,i search up what words mean in the middle of convos way more than i should,2020-11-18 16:31:26,
JoelsHitShow,"San Jose, CA","Surely by now someone has done the ""turkey thot"" play on words so I am not even going to search for it.",2020-11-18 16:30:04,
readbookNG,Nigeria,"@segalink In case you‚Äôre wondering:
Cling:
1. to adhere closely; stick to: 
The wet paper clings to the glass.
2. t‚Ä¶ https://t.co/1DYnUm98FJ",2020-11-18 16:27:51,
ImCh1quita,Mandalore,"@Chris_1791 @DailyCaller Again. In the immortal words of Commander Uhura (Star Trek III - the Search for Spock):

""‚Ä¶ https://t.co/FSIsD7s2qj",2020-11-18 16:27:50,
Spunjji,,"@sexbasedrights @UtdSocialist @afneil You realise Neil's a misogynist and a narcissist, right?

Really hard to tell‚Ä¶ https://t.co/s6rCdLwvs0",2020-11-18 16:27:05,
readbookNG,Nigeria,"@segalink In case you‚Äôre wondering:
Folly:
1. the state or quality of being foolish; lack of understanding or sense‚Ä¶ https://t.co/zRHRzU34Uh",2020-11-18 16:26:35,
hopelessyfae,,"Tw.
When I feel, I'm not doing okay or I'm trying to do something that is not okay iykyk
I'll go to yt and search f‚Ä¶ https://t.co/egiKfaW6bH",2020-11-18 16:20:49,
DuctTapeShawty,just here to talk shit and lie,how much of a loser do you have to be to search words on twitter and troll people who don‚Äôt agree with you lol,2020-11-18 16:20:21,
_Rated_Lex,"Paris, France","@SoooSweetKitty_ I used that to search words like gay, horny, and some other questionable terms üòÇüòÇ but I just know‚Ä¶ https://t.co/kRZ5D2vsRt",2020-11-18 16:19:50,
blueboobear28,Princess Park,"when believing two men are together and are in love becomes homophobic:
Do y'all search the meaning of words by the‚Ä¶ https://t.co/e63cJD77fY",2020-11-18 16:18:30,
SoooSweetKitty_,The Capital ,"@_Rated_Lex Used advanced search and look for certain words, then delete.",2020-11-18 16:17:48,
J0hnny_Loves_U,,PLEASE write comments and leave kudos for the fanfiction you read and enjoyed please please please even 2 positive‚Ä¶ https://t.co/Go4D73MG3F,2020-11-18 16:16:31,
LoonaticMP3,she/her,@kantoucan what is your process do you just go onto SoundCloud and search random words and just hit play like how d‚Ä¶ https://t.co/tM5BOq8puP,2020-11-18 16:15:00,
passionprakhar,"Uttar Pradesh, India","A1: Basically, an¬†SEO expert¬†is the person who knows how to get more traffic from search engines using the relevant‚Ä¶ https://t.co/gtSVzdbOGR",2020-11-18 16:12:39,
HotHitsUK247,UK,#NowPlaying More Than Words (feat. MNEK) by Sleepwalkrs #listen at https://t.co/VpnQNUIxMJ &amp;‚Ä¶ https://t.co/kj5ufVrq1s,2020-11-18 16:07:24,
stuhna__,üá≥üá¨,I can get all words in the search bar misspelt but somehow I expect Google to understand what I am saying lol,2020-11-18 16:06:24,
FredWBaker,Remote,@GaryAckermanPhD Oh I have definitely cycled through my repertoire of choice words in search of missing commas or extra spaces!,2020-11-18 16:06:11,
EEKACTIVE,"Winnipeg, Manitoba","Time yourself while you find the following words.
1) Crocodile
2) Octopus
3) Starfish
4) Shark 
5) Flamingo
6) Duck‚Ä¶ https://t.co/TkmBwrmsTU",2020-11-18 16:04:35,
methodandmetric,"Vancouver, British Columbia","#Keywords refers to the search words and phrases that are ‚Äúkey‚Äù (most important) to your business. 

These are esse‚Ä¶ https://t.co/rlaHbzVUzy",2020-11-18 16:04:01,
TYistheLIMIT_,"Michigan to Dallas, TX",Lmaooo I randomly search words that could be offensive and delete the tweets lmaooooo. https://t.co/gthBpY3ZqP,2020-11-18 16:03:53,
wordrefiner,"Oregon, USA",#RIP_Grizz Grizz is fatigued after the long search and needs a #MountainDew! He found the blog 13 4-letter words th‚Ä¶ https://t.co/fKKRDoWlcK,2020-11-18 16:01:57,
seantreehalf,,@RcDoni @Gdavis09709214 @AmyforOregon All you cultists say that. Every single time. Yall have been spouting the sam‚Ä¶ https://t.co/V3u35XtJZ5,2020-11-18 15:59:56,
JanetAttard,"Long Island, NY","""As you fill out your LinkedIn profile, pay particular attention to the brief 'headline' you are asked to complete.‚Ä¶ https://t.co/RHDeQSY53B",2020-11-18 15:45:02,
Vinny_TheBull,Indiana....,"@Chrismagdich I‚Äôm on a bing search right now still, looking at pro wings. 
I never thought I‚Äôd say those two words‚Ä¶ https://t.co/IOmRFn2tkO",2020-11-18 15:42:44,
MariaAPerez1,"Florida, USA","My co-worker, doom &amp; gloom personified, warned me.
""You're flirting with a guy you know nothing about.""
Her words s‚Ä¶ https://t.co/1AQeAOkPUo",2020-11-18 15:41:52,
christy01605519,,@corblimeyoriley @MahaShaktifan @TeamTrump @jbinnall @realDonaldTrump I don‚Äôt actually know where to find It. They‚Ä¶ https://t.co/WtRLYbTczs,2020-11-18 15:41:52,
KathleenMarrio4,Ancestral Land of the Tualitin,"The GOP is a party of hypocrites. They don't honor their own words, codes, or precedents. They are lost to any sens‚Ä¶ https://t.co/KfcKt4hfrC",2020-11-18 15:26:17,
thatcatpurcell,,@maliciousglee I counsel people regularly for interviewing/job search tips and I wish I had some encouraging words.‚Ä¶ https://t.co/LlGInhGwTJ,2020-11-18 15:20:56,
dswolo1,"Winston-Salem, NC",@eparrell02 Mines bad because they made me do a word search with no words and I‚Äôve never fully recovered,2020-11-18 15:17:57,
Luckiguy101,The Philippines. ,"@SuperDLM515 @kabl29 @realDonaldTrump The info is out there, put the right words in the search bar, and see for yourself.",2020-11-18 15:15:50,
manoffrm,08028,@dansbadtweets @brettr527 someone else just got blocked for saying good morning to woj. I wonder if there is some k‚Ä¶ https://t.co/gFlvQ3HFf1,2020-11-18 15:15:34,
Bible_Search,"Lake Mary, FL","Let no one deceive you with empty words, for because of these things the wrath of God comes upon the sons of disobedience.
Ephesians 5:6 NAS",2020-11-18 15:15:01,
Luckiguy101,The Philippines. ,@TheDanaWeiss @realDonaldTrump The information is out there. Just put the correct words in the search bar. Lots of‚Ä¶ https://t.co/J6bbA5dLQd,2020-11-18 15:14:30,
JEBredCal,"Ontario, California, USA","By the way, if you want to subscribe to the Bredemarket podcast, search for ""Bredemarket"" on Spotify, Apple Podcast‚Ä¶ https://t.co/ZmgVdfAuu6",2020-11-18 15:09:52,
adachi_gage,"South Carolina, USA",@CjFrozen @ChuckCharlesT @SnoreSmash I can never tell if it‚Äôs bots or people who just search for key words to look‚Ä¶ https://t.co/CmUNtFnCXw,2020-11-18 15:06:13,
FullSunDhyuck,Chenle's maid,Teume is it hard for you to censored words? Is it really hard? Need ur energy? No right? Please learn how to censor‚Ä¶ https://t.co/P3cWuYEOp8,2020-11-18 15:06:07,
sambutl32663912,"Nebraska, USA",It's your turn to find a lot of words in Word Search Puzzle Free ! https://t.co/8IFMLB4An6,2020-11-18 15:04:34,
rebootonline,London and Hertfordshire,"Which UK cities seek a bargain the most? üí∞

To find out, we analysed Google search data for words like ‚Äòdiscount‚Äô,‚Ä¶ https://t.co/Je4nTvMt98",2020-11-18 14:59:26,
murms_,19 | any pronouns,"@jiminmisser69 ah, to find out what the tea is or not. love it when ppl vague about things and then i put on my clo‚Ä¶ https://t.co/ruRGLQt2Ma",2020-11-18 14:52:39,
RealTimeChem,Stay Classy Planet Earth,46 - Palladium - would #ChemTwitter drink an energy drink called palladium? Is this the chemist's energy drink of c‚Ä¶ https://t.co/7w5hpa0l2s,2020-11-18 14:52:07,
camdb1011,"Charlotte, NC","You can finally search Instagram with normal words, not just hashtags üôåüèæ",2020-11-18 14:51:02,
LotusHER,WE$TSiDE w/ üß°,i got like 10 followers i hate when ppl ‚Äúsearch words‚Äù and start trolling on my shit üò≠ gtfoh,2020-11-18 14:50:06,
ashley_lcsw,,"When you‚Äôre #writing, &amp; become convinced that you, after 7+ yes of #highered forgot what words don‚Äôt get capitalize‚Ä¶ https://t.co/7ObAnr9Vn2",2020-11-18 14:47:25,
flatlinexuxi,Not a unit stan,"Btw if you see me replying to your old tweets, it's because I search for random words and reply to some tweets under it",2020-11-18 14:44:39,
search_jon,UK- Kent,"@mrdanielmb Yes, I thought the same. It's basically using swear words for more attention IMO.",2020-11-18 14:39:29,
JillCollier16,South London.,"@CabsnKings @helensaxby11 It seems to learn what kind of gifs you like, but maybe it‚Äôs just the words I use to search. üòÅ",2020-11-18 14:38:46,
obviouslyjeiko,E r o d a,reading a law book would make u search for the new words that you don‚Äôt seem to understand and you‚Äôll end up being‚Ä¶ https://t.co/xitaYCXQ2V,2020-11-18 14:37:33,
GhanaatiReza,"Sedella, Spain","@realDonaldTrump Mr. President.your words
 well describe this common enemy, TO All who stand rightious, 
Sadness is‚Ä¶ https://t.co/RUIBTXoQOn",2020-11-18 14:36:24,
lovtjn,bts itzy en-,"‚ÄºÔ∏èrt to spread

click the links &amp; stay there for 30 secs then reply the words to help clear the searches

rm nation‚Ä¶ https://t.co/xOKBSDtKR2",2020-11-18 14:33:04,
prosper_noah,Lekki Lagos,Increase your Clicks from Google Search Results using the Power Words Technique https://t.co/Qd0omDBoQs,2020-11-18 14:32:40,
LocalLegendCoop,,@CallinP69 Searching it by a hashtag limits the search. People don‚Äôt use hashtags like that. If you just search tho‚Ä¶ https://t.co/2pwphGQuzo,2020-11-18 14:31:03,
DurandDontDrag,"Baltimore, MD",The only thing I search up on twitter is my @ with different key words next to it,2020-11-18 14:22:56,
centralspfld,Springfield OH,"Between now and Thanksgiving we will be posting a link to either a Psalm or Proverb each day. King Solomon wrote, ""‚Ä¶ https://t.co/kEbB5RDpCX",2020-11-18 14:21:55,
ThemeParkBazza,Orlando FL,"Did I mention its my birthday on Sunday ?
https://t.co/1NGEzvqbuQ",2020-11-18 14:18:40,
TAEGINATION,@taegitree,"@junjoonie_txt lol is that how you judge someone nowadays? search their @ and specific words? look, harassing someo‚Ä¶ https://t.co/fCob5Ztgr9",2020-11-18 14:17:33,
MatthewAEverett,"Minneapolis, MN",It shouldn't be so easy to put the names David Perdue and Kelly Loefller into a search engine along with words like‚Ä¶ https://t.co/JOH0zHeQCz,2020-11-18 14:15:07,
simpforswipnap,~mcyttwt~dttwt~Bi üíú,did dream just search up more fancier words for the manhunt title,2020-11-18 14:07:49,
awesomehuman14,,"@Solarhobisoo tell them that if they want to seach for people to report instead of clicking on the bad works, searc‚Ä¶ https://t.co/rLfiUaCIs4",2020-11-18 14:07:37,
justbeingjeff_,Tennessee,"Some days I write from joy.
Some days I write from broken places.
Some days I just search for words.",2020-11-18 14:00:27,
epiphanyschild,CARRD BYF!!,"when  u  clear  searches , just  going  with  ""reply  with  x  membership  good  words""  doesn't  work , u  need  t‚Ä¶ https://t.co/9bRHISmGvU",2020-11-18 13:57:54,
ArchingAnarchy,RP|MC|Semi-Active|TMI ,"@BookclubLegend - search.

Each room hesitantly wandered through displayed a scene, a memory of a youthful time. It‚Ä¶ https://t.co/O4Cyy75Ovv",2020-11-18 13:56:34,
BitingHalberd,Amaurot,"do you know what upsets me

i see people censor certain words and i guess it's because of people who word search

b‚Ä¶ https://t.co/jMB3d2T4pz",2020-11-18 13:55:33,
readbookNG,Nigeria,"@oloye__ In case you‚Äôre wondering:
Decadence:
1. the act or process of falling into an inferior condition or state;‚Ä¶ https://t.co/9lpO3HU0Zu",2020-11-18 13:55:07,
sehrien,,@iarmyweeb Again this is not how you clear searches. You need to search for those words. And if you wanna be helpfu‚Ä¶ https://t.co/Ozgah6mLX1,2020-11-18 13:46:01,
FarraasM,,"So, it is going to be pleasure especially for me if google provides the particular mechine of @Google translete whi‚Ä¶ https://t.co/iCnk4Mhp9D",2020-11-18 13:35:46,
susan_bewley,"London, England",@NMacFa @zeno001 @WanderinTeacake @MichaelBaum11 @StopSaatchiBill @david_colquhoun @HealthWatchUK I dont know how t‚Ä¶ https://t.co/LAv4SsxdWC,2020-11-18 13:35:35,
FarraasM,,Because as my experience. Im trying to enhance my skill in English and when im trying to search any words which i d‚Ä¶ https://t.co/rTfLtxQW2G,2020-11-18 13:33:58,
yeetusess,lithuania,@REMMXRBID i just looked for the specific words in the fucking search tab bro it was a special occasion i needed this,2020-11-18 13:24:29,
hxdirx,Malaysia,"Maybe I should continue with my words search books .. okay la this one tapi once u tak focus, goodbye la https://t.co/gASH2qDttr",2020-11-18 13:23:33,
NMacFa,England & Wales only,"@susan_bewley @zeno001 @WanderinTeacake @MichaelBaum11 @StopSaatchiBill @david_colquhoun Er, no. If you search my T‚Ä¶ https://t.co/co5djL6VWu",2020-11-18 13:23:25,
patesden,Northern Vermont,"ENTANGLED SECRETS, a searing battle of hearts, minds, and magic. #BookQW words: Regret.  #SingleMom #Witch #Romance‚Ä¶ https://t.co/GWMBmyYUUc",2020-11-18 13:22:19,
NeilMor40314028,"London, England",@poweredbymeows So you presumably have experience. You know you can do it. Therefore search your heart not your hea‚Ä¶ https://t.co/v9raRxAXkM,2020-11-18 13:21:06,
Iesbikoos,HE/THEY/BUN || 17,yo just search threat words and report this account they'll get suspended. they're obviously so far up their ass fo‚Ä¶ https://t.co/wfDbHyGORT,2020-11-18 13:16:24,
wallellaa,,@PauIRob @wetgaz1329 @Iberdrola_En @iberdrola About what? Renewable+ green H2? They suit for search words,2020-11-18 13:01:34,
gamesclips,United States,Find all words listed in the list on the left. https://t.co/7Is6zAkAhI Word Search game #gamedev https://t.co/4Qcdf7v4yv,2020-11-18 13:00:02,
yoavgo,Israel,"what do we ""extract"" from text? this ""token query"" looks for words that appear before ""extraction""‚Ä¶ https://t.co/NVZliCziy9",2020-11-18 12:55:16,
27ESTXX,19 | UK | he/him,@eldiablobea @colsonsfriend Yeah it doesn‚Äôt show up on his Page but if you search the project up you can find it? I‚Ä¶ https://t.co/7a1VspDMdT,2020-11-18 12:51:53,
du27102i,,"@StayPatriotic @sheannz1 @jahshu @marceelias Can you link the actual article you found this info?
I did a Google se‚Ä¶ https://t.co/ECB9mQQ2dR",2020-11-18 12:47:07,
stocks_in,India,"#RandomFinancialTerm #LearningSeries

'IPO'

Do you know what it means?
If Yes, reply with what this means in a few‚Ä¶ https://t.co/QjsxvuRjIj",2020-11-18 12:31:54,
LitWorks,Plymouth,2 days left to cast your vote to choose Plymouth's Laureate of Words @LauraCHorton @Jon__Nash #CaitlinBrawn. We hav‚Ä¶ https://t.co/qicoU16X1z,2020-11-18 12:30:36,
autumnjunkie,"London, England, UK","@BNArchive This is a wonderful resource. Do you have any plans to improve the way ""Search all words"" works? Why doe‚Ä¶ https://t.co/O8CdzJ3Cd3",2020-11-18 12:23:01,
laurabagleyUOB,Bolton,@davebagley4965 I'm guessing you were trying to search for @UrbanOutreachUK instead of just posting the words? üòÜ,2020-11-18 12:17:26,
FlorinChilom,Romania,Even if I want or not I can preech you even without words.i can preech magic reality .I am in search of miracles be‚Ä¶ https://t.co/wTvBfJHOK0,2020-11-18 12:17:01,
Jab_Zilla,,"‚ùóÔ∏è7x traffic 
‚ùóÔ∏è10x Leads 
‚ùóÔ∏èPosition 1 for  15 Key words on google
‚ùóÔ∏è190 backlinks for an article exposing the ine‚Ä¶ https://t.co/MhJVU3SFTt",2020-11-18 11:47:29,
__shesBEAUTY,Somewhere Adjusting My Crown,Twitter needs to let you search your profile for specific tweets in certain days like Facebook used to. Or certain words,2020-11-18 11:43:54,
R_rafeal,"Lagos, Nigeria",@CaptDanky I want you to know this you don‚Äôt have to search further cause i will let the first three words of this write us decide our faith,2020-11-18 11:34:30,
HOE4NAMJOO,Sandbox,Do you remember this scene? When dalmi tried to search for the meaning of the words she's not familiar with. Whenev‚Ä¶ https://t.co/qxZb4EojZ0,2020-11-18 11:24:49,
kywindagleather,"Baxter, KY",@4wardThinkng @TeamTrump @realDonaldTrump @LindseyGrahamSC For asking that they look hard into making sure signatur‚Ä¶ https://t.co/tyTw55kp9k,2020-11-18 11:23:49,
BimmyK240,,"Your words are a flashlight to light the path ahead of me and keep me from stumbling.
Psalm 119:105 - https://t.co/FMTwTTkolS",2020-11-18 11:19:15,
talktokeeksnice,,"@lyricsbyheize It's the way I put ""..."" in the Google search bar at words I don't know üòÇüòÇ",2020-11-18 11:18:42,
Joowee_FefTynn,She/Her (Ela/Dela) ‚Ä¢ üáßüá∑,When will Twitter actually hide tweets with muted words when I search a specific thing on the search bar so I can a‚Ä¶ https://t.co/IyoSlBXYcT,2020-11-18 11:18:18,
BashanNaomi,,@Dr_NobleAd @focus_thoughts Timely words. Its a time for us to search and try our ways. Turn again to God and cast‚Ä¶ https://t.co/yYdve0F9SP,2020-11-18 10:57:00,
HemantGaulechha,"Raipur, Chhattisgarh, India","@Jal_Kukdi @divya_16_ Only thing they are unable to monitor is Whatsapp. Other SM platforms like Twitter, FB, Insta‚Ä¶ https://t.co/Dw4gB4wzxH",2020-11-18 10:47:43,
MatthewJStead,,@KetanJ0 @KetanJ0 a quick search suggests a Boeing 747 (for example) jet engines have a power of 90 MW but have a s‚Ä¶ https://t.co/mY12No2iww,2020-11-18 10:38:59,
evrythngmrktng,Toronto,The unknown side of search: when words become numbers https://t.co/ZTxLfuuJYi https://t.co/YnSinFAjeM,2020-11-18 10:30:03,
PetSourdough,,@PaulZondoBaker @yegg DuckDuckGo really gives you different search results...try punching in same questions... or j‚Ä¶ https://t.co/kMF9NckfMX,2020-11-18 10:23:23,
WrestlinWHotels,Worldwide Web,"@notsomoderngirl @tash__evans SEO is weird

I get hits via Google search console for words in my blog posts more than my actual key words",2020-11-18 10:21:08,
BrainFriendApp,"Port Harcourt, Nigeria","Use the cross word to search for words.
How many words can you find in less than a minute?

#BrainFriend 
#Funday https://t.co/mTWq1A0YoG",2020-11-18 10:20:55,
allan_clarke,"Birmingham, England","@maryjofoley Interesting article. Personally think ""search"" only helps if you really know how to search for it. A c‚Ä¶ https://t.co/uH1Sa4CNaa",2020-11-18 10:20:36,
MyCinfores,Nigeria,"Use the cross word to search for words.
How many words can you find in less than a minute?‚Äù

#BrainFriend 
#Funday https://t.co/5BNjZ8oJV0",2020-11-18 10:20:05,
MelvinSagini,Africa,@mosseri @zoescaman we need to be able to search words in swahili as well.,2020-11-18 10:00:16,
OdettaHines,"Texas, USA",How To Find The Right Words To Pray | Dr. Michelle Bengtson https://t.co/lvEnaSpcnk,2020-11-18 09:50:19,
MikeBlazerX,Constantly Travelling,The unknown side of search: when words become numbers #SEO https://t.co/3yBAmUE73O #Search,2020-11-18 09:49:33,
mllejoestar,,"Also you need to search daily on Naver and not just spamming words on twitter Sooyaas 

Î∏îÎûôÌïëÌÅ¨ ÏßÄÏàò #ÏßÄÏàò #Î∏îÎûôÌïëÌÅ¨ÏßÄÏàò  #JISOO",2020-11-18 09:47:54,
Victor_Zuanazzi,Amsterdam,"Insightful talk from @m_ryabinin #emnlp2020. 

""Embedding Words in Non-Vector Space with Unsupervised Graph Learnin‚Ä¶ https://t.co/nQ8wZvqRXq",2020-11-18 09:32:17,
improta_barbara,,"@DrFantinuoli @InterRausch @justinmccurry @guardian Well, I wouldn't really compare a poet's search for words with‚Ä¶ https://t.co/ITxVoWJbPH",2020-11-18 09:32:02,
urself_free, Always Here üëÇüíú,@HimalayanGunz There has been this song buzzing in my ear for the past few days..the words hold on..üòäüíú I got 2 sear‚Ä¶ https://t.co/PbYzYMVEBd,2020-11-18 09:28:21,
dragonagetwo,apple slice @ diabolos,@gaydissection even if i'm just reading oneshots i'm hesitant to read anything under 3k and won't even touch anythi‚Ä¶ https://t.co/XRLQNb92Rj,2020-11-18 09:28:20,
seorxi,,"@WonyoungX__X @YELLOWCHICKIN Nah, I'm not stalking you. I type his name on search bar and i saw your tweet there. I‚Ä¶ https://t.co/gOg0df4TzB",2020-11-18 09:21:58,
constantstressx,BLM,"@monipersona actual true fact: if you search up the words ‚Äúicon‚Äù, ‚Äúgenius‚Äù, ‚Äúperfection‚Äù, ‚Äúinspiration‚Äù, etc., you‚Ä¶ https://t.co/6GLxpCcc4s",2020-11-18 09:17:14,
pistakkiomktg,"Tuscany, Italy",The unknown side of search: when words become numbers: https://t.co/zU93CmRrvk via @pistakkiomktg #seo #sea #sem #ppc,2020-11-18 09:02:24,
russelldub,,@pastorlocke Who sells children's location and information and is a trillion dollar company in the usa? If you go i‚Ä¶ https://t.co/8CQDX6csTa,2020-11-18 08:57:34,
TheDailyFreeApp,,"Free Android - *EXPIRED* Puzzle Words PRO Android Giveaway of the Day 

Rating: 4.1/5

Welcome to our newest game P‚Ä¶ https://t.co/fPfxPvGas0",2020-11-18 08:56:28,
disordered_doll,between psychotic and iconic,edtwt culture is censoring words or names to avoid being seen in search,2020-11-18 08:53:50,
loveglazed,+46 ‚ãÜ 00‚Äô ‚ãÜ read carrd byf,@hwangminimos Yeah they tweeted search clearing words too,2020-11-18 08:53:06,
primaradiosby_,Surabaya,#nowplaying Words Get In The Way - Gloria Estefan &amp; Miami Sound Machine | streaming klik https://t.co/ASl4U7yloZ‚Ä¶ https://t.co/WKyeN0rnBA,2020-11-18 08:40:30,
arii_bandss,She/Her,@yakerelin if you got a easy word search up it‚Äôs synonyms on google and it‚Äôll give you similar but smarter and longer words !,2020-11-18 08:31:57,
Doc_Aybolit,,"@jordanfurniss @CNN Well look harder, avoid words like fake or conspiracy in your search.",2020-11-18 08:19:28,
afutilelife,,"Google ain‚Äôt it, folks. You search those key words and it‚Äôll show articles or videos related to those questions, bu‚Ä¶ https://t.co/TUL8Jx6ORK",2020-11-18 08:10:34,
IK_Is_Hope,,"maine b bht try kiya mgr sachi bat hai interest ni paida hota. meri english improve hui drafting letters, emails &amp;‚Ä¶ https://t.co/Tf4Ihq080e",2020-11-18 08:05:09,
Blackstage4Nsic,England,"Searching for specific types of image file? Go to Google Images, type your key words and add filetype:jpg or whatev‚Ä¶ https://t.co/fPB1MithIx",2020-11-18 08:02:04,
readbookNG,Nigeria,"@oloye__ In case you‚Äôre wondering:
Pervade: to become spread throughout all parts of: Spring pervaded the air.‚Ä¶ https://t.co/xbSI7HYLSr",2020-11-18 07:53:25,
unBRElievable_,St. Louis,@ManiBagg_ type your @ name in search then type some words from that tweet.,2020-11-18 07:38:33,
CarnalWarfare,"‚†Ä‚†Ä ‚ãÖ.‚óù ùô≥ùöòùöó'ùöù ùöúùöñùöíùöïùöé, ùêùùêöùê´ùê•ùê¢ùêßùê† ‚†Ä‚ñ≥ ‚†Äùòµùò©ùò¢ùòµ ùò≠ùò∞ùò∑ùò¶-ùò•ùò≥ùò∂ùòØùò¨ ùò≠ùò∞ùò∞ùò¨ ùò•ùò∞ùò¶ùò¥ ùòµùò©ùò™ùòØùò®ùò¥ ùòµùò∞ ùòÆùò¶. ‚†Ä ¬´ 18+ / …¥·¥è ·¥ç…™…¥·¥è Äs ¬ª ‚îÄ‚îÄ‚îÄ‚îÄ .","""Raised by ...   humans?""  The search for his tobacco halted for a moment,  briefly struck by her words.  That was‚Ä¶ https://t.co/ihAvT6PGv9",2020-11-18 07:37:05,
Mahnoor_Tahsin,"Islamabad, Pakistan","@MALIKSLUTIE Keep looking babe, sometimes google can do miracles. Change your search words.",2020-11-18 07:32:58,
tumininuGorT,Melton‚Äôs jawline.,"Give us Dm search, let‚Äôs be able to search for tweets by date and not words, let‚Äôs be able to search on our own tim‚Ä¶ https://t.co/MjIbraELd6",2020-11-18 07:31:41,
G2Electrical,Staffordshire,"Would you be willing to leave us a few short words as feedback on Google? It all helps¬†https://t.co/eZ6yd2duGXüòâ¬†

‚≠ê‚Ä¶ https://t.co/xxnQhQ7K7n",2020-11-18 07:30:01,
JainSataran,Kolkata,@JasaswiniPadhy What kind of person u https://t.co/q3xIa2aQPy manners. Kuch seekho achi chize i will search a vdo4‚Ä¶ https://t.co/hxGwPyqrIS,2020-11-18 07:24:47,
InnerWestPip,"Leichhardt, NSW / Gadigal land","@MelanieTait The designs aren't ""cute"" per se, but I buy from this company for my kids: https://t.co/dGZCfCXjKt. De‚Ä¶ https://t.co/6bb28S9i6z",2020-11-18 07:15:41,
seoksoftj,desi 19,no because atp i‚Äôm convinced h words purposely search up l related tweets,2020-11-18 07:13:41,
heeejjinn,,Good afternoon @Twitter! can you please delete these kind of account? they are very annoying especially when I sear‚Ä¶ https://t.co/HrseLP15LX,2020-11-18 07:12:16,
_ancynita,22 ‚Ä¢ they/them ‚Ä¢ din√© ,"he was a grown adult, there are other words literally do a google search. He participated in joking about a stereot‚Ä¶ https://t.co/xqWIMpbOj8",2020-11-18 06:41:32,
IPAYMYTAX1,Bengaluru,@TimesNow @salman7khurshid What you mean by serious engagement. Don't search English words to mask the intention. P‚Ä¶ https://t.co/leTMIh1KXr,2020-11-18 06:40:21,
auxanodesigns,India,The process of indexing is identifying the words and expressions that best describe the page and assigning the page‚Ä¶ https://t.co/4kc7daCtxn,2020-11-18 06:30:12,
Illuminaci2,,"@thejulievirgo All that is on Reddit, you can actually search key words on there it‚Äôs pretty cool! Ill see if i can find it!",2020-11-18 06:12:26,
Richard11508371,,@Uchikoshi_Eng @_ehjur Dirty words. Search it on youtube to find out.,2020-11-18 05:50:30,
tu_madre1488,"Sacramento, CA",@VexKing Nothing but respect. I search for your words of wisdom on a daily basis.  Don‚Äôt ever stop doing you.,2020-11-18 05:44:51,
yp_minn,,"Besties pls if you see this tweet reply with one of this words  separately help clear search : 

jhope unique
jhope‚Ä¶ https://t.co/gIKOn2lwok",2020-11-18 05:43:41,
dietlipbalm,probably chugging lemon water ,"@scathedbones like the names of famous people or famous shows, that kind of stuff, that way when non ed people sear‚Ä¶ https://t.co/UhgPNnxbEL",2020-11-18 05:42:26,
Taeminbundles,üö´ shineepromo/shawolteamüö´,"REMINDER THAT THIS IS TAEMIN'S BEST CB TO. DATE.
HE HAD SUCH INPUT AND CONTROL OVER THIS ALBUM, ITS HIS ALBUM HIS A‚Ä¶ https://t.co/fu6moxBTfc",2020-11-18 05:40:54,
dmscreative,Toowoomba,"Facebook, TikTok, Instagram, LinkedIn, Content Management Systems, Search Engine Optimisation ‚Äì there are so many p‚Ä¶ https://t.co/IqHnlZtLs0",2020-11-18 05:40:51,
khay_cha,,@Aidamokhtar1 @asri28571638 @offclASTRO Just search whichever words that you want to search . Eg  Eunwoo‚Äôs Hangul name Ï∞®ÏùÄÏö∞  or Cha eunwoo,2020-11-18 05:29:46,
funnibunney,,"World Health Organization were found, by a simple bioinformatic search, to hybridize against a human chromosomal te‚Ä¶ https://t.co/N3nD3VcNfx",2020-11-18 05:28:29,
grace_fam,,@TheRightMelissa @realDonaldTrump A simple search will show how much ‚ÄúMelissa‚Äù here is lying. It is a Denver based‚Ä¶ https://t.co/KHW024mSws,2020-11-18 05:23:27,
awesomehuman14,,"If you wanna search account to report, remember to search it with words that isnt offensive but are used a lot in t‚Ä¶ https://t.co/D50i0qMLxf",2020-11-18 05:17:52,
TaiLeGrice,SI NZ ,"Sometimes when you go in search of something, you realize you weren't searching at all. You were running.‚Ä¶ https://t.co/NfOrJA6Qen",2020-11-18 05:17:21,
lousinterlude,check carrd byf,if you dont like something and literally type it into the twitter search bar to find tweets about it and then bully‚Ä¶ https://t.co/l80VfUXD9h,2020-11-18 05:16:20,
kootuitui,"Auckland, New Zealand",Word search (Birds) https://t.co/DArOiK4lwZ Words to find: Plumage Gullet Talon Primary Nestling Fowl Fledgling Sho‚Ä¶ https://t.co/krlPGQ1Kez,2020-11-18 05:14:06,
frilar,Remain In Light,Still in search for that German word for when someone puts into words an idea that you couldn‚Äôt quite put together‚Ä¶ https://t.co/cCkkjpz4DF,2020-11-18 05:13:10,
minjiiminie,twenty three. she/her. nsfw,"His honesty makes Jimin falter for a second, but then he makes a whining sound as if he's taken a great offense fro‚Ä¶ https://t.co/e6bhR8mjuk",2020-11-18 05:01:37,
summerhyegie,she/her ,search those words instead and scroll for at least 30 secs. its way faster and easier to clean searches,2020-11-18 04:58:16,
capt1334,"Tinley Park, IL",@CoachWoodland @AngelWarrior321 True words coach. It‚Äôs even scarier that these people will refuse to do a simple go‚Ä¶ https://t.co/O4IAmLYgDh,2020-11-18 04:45:23,
TheMindfulMoxie,"San Diego, CA",@rivieraequs @eventingenzo It‚Äôs because of how search engine optimization (SEO) works. By using a longer intro and‚Ä¶ https://t.co/1FZkjUIi0f,2020-11-18 04:41:38,
HotHitsUK247,UK,#NowPlaying More Than Words (feat. MNEK) by Sleepwalkrs #listen at https://t.co/VpnQNUIxMJ &amp;‚Ä¶ https://t.co/Sz3rCgkyl0,2020-11-18 04:41:23,
Meyakomaye1,,@Blink_pau @blinkeuubabo @kchartsmaster @aespa_official üò≠ doesn't change the fact that ur fandom always blame a*my.‚Ä¶ https://t.co/RzlrcNpose,2020-11-18 04:34:02,
earthonitsaxis,stolen akokisa/atakapa land ,@faechild222 @daemoncals four words: gam3r girl b@th water ... censored bc i KNOW some ppl will search it up üòí but she follows ed accs,2020-11-18 04:30:33,
Lil_Louie13,"Riverside, CA","@sdatony3 Lol nah, there‚Äôs a way to do it on the search by typing in key words",2020-11-18 04:29:54,
strwbrrymochis,114281244968 Maybank,@fuckingelyas nvm no point in censoring smoke now i forgot to censor let's just hope my family don't search me and certain words up,2020-11-18 04:18:53,
n0thingtown,üáµüá≠,@immelonl0rd tysm but i didnt understand any of ur big words i need to search it up üò≠ im so dumb,2020-11-18 04:15:55,
hellobensalt,UK / Thailand / World,@lisafischer72 @Wizard_Predicts Type a few words into Search. Done.,2020-11-18 04:08:21,
sinoprologicvi,"Earth, Sol",i will be impressed when twitter implements a machine learning powered search query that can look for tweets and ph‚Ä¶ https://t.co/DXdoKpoKSN,2020-11-18 03:55:45,
Victorgriloo,"Chapec√≥, Brasil","‚ÄúTell me how many times can this story be told
After all of these years it should all sound so old
But it somehow r‚Ä¶ https://t.co/Nu6T7xvcDv",2020-11-18 03:53:32,
ArtBaranovski,Planet Earth,"@JwSuicides @HaughMartin @BobsonDugnutt29 @goodbyejehovah Sympathy isn't about saying words "" Oh, I'm so sorry"" ,
W‚Ä¶ https://t.co/OrkvH3vtaj",2020-11-18 03:51:48,
MeatballsMayhem,,@ttflo08 @simonchase123 I'm on the website but I don't see it. Any key search words?,2020-11-18 03:49:47,
fiImroIls,Akito. (N)sfw. 18+. Shion ‚ô°,"Lf: Friends To Fill The Void :not click bait:

not exactly the prettiest with words and socialising was never my m√©‚Ä¶ https://t.co/CcKm1Gnh0r",2020-11-18 03:48:28,
azarah_SJ,Philippines,"@Twitter Things you need to add on the Search option:

*Search Filter

-Muted words (Can't stand spam tweets whenev‚Ä¶ https://t.co/y1gdHlwzt7",2020-11-18 03:47:23,
smolkoos,,"@chosobro a bad thing abt muting is that it doesn't apply when you search for something else):

only when muted ppl but not muted words",2020-11-18 03:37:45,
SnepShark,,@WitcraftHayden The mystical word search has foretold that ‚Äúcup‚Äù will be one of the defining words for my 2021. https://t.co/nA3KgLZ6bq,2020-11-18 03:32:14,
ChicagoLeah,"Chicago, IL",Math with Words - I loved teaching people how to properly use Boolean Search before search engines got too much AI‚Ä¶ https://t.co/01Pu8Jvlg4,2020-11-18 03:27:09,
avawtsn,nyc,@SusPup @EmmaGrant_01 @JuniperHoot The key was to search for ‚Äúgender fae‚Äù as separate words I think,2020-11-18 03:12:53,
kenmatime,cody / florida / 18,every single time i come across this fic in the search i‚Äôm intimidated. 95 chapters. probably over 500k words. this‚Ä¶ https://t.co/KGyUW7ReN3,2020-11-18 03:07:24,
BlackettPromo,Worldwide,"üéß#Listen365 #WARMTHüéß
‚úÖSHARE MUSIC MATCHING THIS WORD!
‚úÖINCLUDE BOTH #‚É£'s ABOVE‚òùÔ∏è FOR SEARCH
Share Daily! Vote for‚Ä¶ https://t.co/4ZeL7PTqvP",2020-11-18 03:05:20,
BlackettPromo,Worldwide,"üéß#Listen365 #FORESTüéß
‚úÖSHARE MUSIC MATCHING THIS WORD!
‚úÖINCLUDE BOTH #‚É£'s ABOVE‚òùÔ∏è FOR SEARCH
Share Daily! Vote for‚Ä¶ https://t.co/oUEjltjR13",2020-11-18 03:05:19,
BlackettPromo,Worldwide,"üéß#Listen365 #ESCAPEüéß
‚úÖSHARE MUSIC MATCHING THIS WORD!
‚úÖINCLUDE BOTH #‚É£'s ABOVE‚òùÔ∏è FOR SEARCH
Share Daily! Vote for‚Ä¶ https://t.co/pB8pAm6LQZ",2020-11-18 03:05:18,
BlackettPromo,Worldwide,"üéß#Listen365 #ATMOSPHEREüéß
‚úÖSHARE MUSIC MATCHING THIS WORD!
‚úÖINCLUDE BOTH #‚É£'s ABOVE‚òùÔ∏è FOR SEARCH
Share Daily! Vote‚Ä¶ https://t.co/nJOBwVHfdv",2020-11-18 03:05:17,
BlackettPromo,Worldwide,"üéß#Listen365üéß
üëâTodays Word: #BASS
‚úÖSHARE MUSIC MATCHING THIS WORD!
‚úÖINCLUDE BOTH #‚É£'s ABOVE‚òùÔ∏è FOR SEARCH
Share Da‚Ä¶ https://t.co/vJqRjzbvol",2020-11-18 03:05:16,
IrishLarper,"The Forbidden Zone, DC",@moravaginelol That's why I just censor words that I think they search. It's bad and I don't want them interacting with me,2020-11-18 02:59:31,
oikyanma,,@dumbwinchester @MarkRPellegrino and he woukdnt have time to search his fancy little words in google,2020-11-18 02:47:25,
JoeC4281,"Ontario, Canada",By your words I can see where I‚Äôm going; they throw a beam of light on my dark path. I‚Äôve committed myself and I‚Äôll‚Ä¶ https://t.co/d0DZYK5Dr7,2020-11-18 02:45:03,
ZachAlexander37,"Stratford, CT","I type 73-fucking words per minute...if some shit slips there should be a careful examination of the situation, I f‚Ä¶ https://t.co/gkPl0ufPPC",2020-11-18 02:44:26,
mahadivengeance,MALAYSIA/SINGAPORE,ü§îü§îüòäüòä Hmmm may i ask why do you search the words? Did something triggering you until you had to search the words and‚Ä¶ https://t.co/PBaXTXhIuO,2020-11-18 02:36:47,
GoBlkBiz,Website,"If you say you love someone, love them. Don‚Äôt ‚Äúlove them‚Äù and be in search for something or someone else. Put yours‚Ä¶ https://t.co/U0zUtKJ09E",2020-11-18 02:27:28,
Clueless73,they/them,"I've come to the horrifying realization that all those word search memes don't really have vertical words like, at‚Ä¶ https://t.co/n9z2xjyDua",2020-11-18 02:08:38,
JBsWhatsOn,"Oxford, UK","T.V. Smith's Explorers - Last Words Of The Great Explorer (Radio 1 Session, 12 Jan 1981) https://t.co/JkrXLGmq8s #NowPlaying #6music",2020-11-18 02:06:33,
sigtruth,USA,"Note the words ‚Äúrecombinant‚Äù and ‚ÄúMRC-5‚Äù.

Search on both those words.",2020-11-18 02:05:17,
carloadofdogs,australia,@For_Australia_ Lol. Comp obviously search for specific words and read the warning under your tweet. They agree with what you say.  Big lol.,2020-11-18 01:51:00,
PMURT_Now,,"@lisalocklear44 @RyanAFournier The shapes showed up under a person's tweets.

I copied the shapes and entered it in‚Ä¶ https://t.co/oHOyUG1LIm",2020-11-18 01:50:58,
mmittleman1,"Manhattan, NY","The Beatles on Job Search

Introducing a new series of blogs where I take words of wisdom from famous rock bands an‚Ä¶ https://t.co/OPyVYi3rST",2020-11-18 01:37:48,
MrKjon,,"If you can't search and find what you want on Twitter, why are you here? Twitter is someone else's topics because i‚Ä¶ https://t.co/uNDUwZ2CYz",2020-11-18 01:36:43,
joalinruel,SMD/ys,can your heart be mine in search? cause i have no time to help you find all the words,2020-11-18 01:34:21,
Abhishe45820229,,"@YouTubeIndia @SandeepSeminars "" Money is just  numbers and numbers never end , if it take money to be happy , your‚Ä¶ https://t.co/clJQIrtHwg",2020-11-18 01:32:40,
LarryWelenc,Largo  FL,"@ThisWeekABC It  only takes two words in Europe , who put this King of Search Engine on ice years ago.....ERASE ME!‚Ä¶ https://t.co/qRywNXEORk",2020-11-18 01:27:09,
LarryWelenc,Largo  FL,"@ThisWeekABC And where is Google, this King of search engine who success now lies not in their algorithm but in pai‚Ä¶ https://t.co/ToLKycMb6X",2020-11-18 01:24:32,
i_ENHYPEN,‚Ä¢ OT23 ‚Ä¢ ,You do realize that we should clear the search for 'engene' again right ? Please always keep in mind to censor any‚Ä¶ https://t.co/ExRABzn0In,2020-11-18 01:17:47,
HayesPope,Norfolk Virginia ,@TheRickyDavila @CHHolte Words.  Worbs.  They escape Rudy in his bid to subvert the will of the people. I think he‚Ä¶ https://t.co/DCAQlWgedd,2020-11-18 01:16:55,
HyunHanHo,BYF read my carrd,"@candylipsoo ^^üíó

I was just going through ""Hy*njin""'s search and i accidentally saw it 

I am going to mute anythi‚Ä¶ https://t.co/ta8Y4Ac7HC",2020-11-18 01:14:44,
incarceratedbob,IncarceratedBob2@Gmail.com,Do a simple Twitter search of those words https://t.co/4P4cQDXSRu,2020-11-18 01:13:56,
MadisonCasting,"Los Angeles, CA","Centra uses common algorithms, words, user‚Äôs search engines like @Google to spy on its users across all platforms of Social Media, @FoxNews.",2020-11-18 01:09:41,
stacestar19,,"@Truth_SeekersTV I lived in Bolton so went to smithills on a school trip and then once at college, never on a paran‚Ä¶ https://t.co/Icxaz1dbUW",2020-11-18 00:49:34,
peaches649,Majestic Mtns & Flowing Rivers,"@glennbeck Glenn, I hope you know how much your words of wisdom have meant over the years. The most important thing‚Ä¶ https://t.co/qfQxB1FdqC",2020-11-18 00:47:34,
CANDYJ00N,‚Äì nadia √ó claire ! hfgc ‚Äì eve,i  dont  understand  more  than  half  of  english . i  literally  have  to  ask  or  search  up  the  definition‚Ä¶ https://t.co/IWlVU2BuZX,2020-11-18 00:46:42,
AknjH,,"@NineDragons2 @Humphre12986645 @MuslimaChinese US State Dep, You can search online for time line of terrorist attac‚Ä¶ https://t.co/bS79zB1jTz",2020-11-18 00:35:45,
PhilMorals,"Michigan, USA",@crzyfkinworld @sergeivote @SARA2001NOOR @vegix @RhymesRadical @michelle_spenc @RENEEWEATHERS2 @LouGarza86‚Ä¶ https://t.co/KT8GuYyzd8,2020-11-18 00:30:14,
animakristine,,lol my google search are all words and their meanings bc i haven't used them in a while and i'm afraid of using them out of context,2020-11-18 00:23:59,
tanagurablondie,"Perth, Australia",I get that people are trying to stop the search function by putting slashes in words or whatever but it ruins the a‚Ä¶ https://t.co/tJoHxNZwBU,2020-11-18 00:23:00,
theLibraryScene,"Ohio, USA",Mr Johnson‚Äôs students search and write nursery rhyme words.  @GOfishMrJ @RichfieldElem https://t.co/4XtqGr85Lj,2020-11-18 00:15:21,
2serebour,Bulac.Bulacan Guiguinto,"In the attainment of true wisdom God is willing, yea, eager to give, but we must be sincere and earnest in our desi‚Ä¶ https://t.co/3BEstfX2Bd",2020-11-18 00:15:09,
Jinnielogist,MAY2020/she/her,"jin awesome
jin vocals
jin amazing
jin rapping
jin raps
jin moon
jin epiphany 
jin awake
jin birthday
jin handsome‚Ä¶ https://t.co/yU1ziKegbG",2020-11-18 00:01:38,
wordrefiner,"Oregon, USA","#RIP_Grizz Completing the search, Grizz is feeling lackadaisical, he found the blog https://t.co/KlpWcW6HQ1 and now‚Ä¶ https://t.co/YZLAPgawVY",2020-11-18 00:01:00,
